,0
0,Dota 2
1,Team Fortress 2
2,Unturned
3,Counter-Strike Global Offensive
4,Half-Life 2 Lost Coast
5,Counter-Strike Source
6,Left 4 Dead 2
7,Counter-Strike
8,Warframe
9,Half-Life 2 Deathmatch
10,Garry's Mod
11,The Elder Scrolls V Skyrim
12,Robocraft
13,Counter-Strike Condition Zero
14,Counter-Strike Condition Zero Deleted Scenes
15,Heroes & Generals
16,Half-Life 2
17,Sid Meier's Civilization V
18,War Thunder
19,Portal
20,Portal 2
21,Day of Defeat
22,Ricochet
23,Deathmatch Classic
24,Terraria
25,No More Room in Hell
26,Borderlands 2
27,PAYDAY 2
28,Day of Defeat Source
29,Counter-Strike Nexon Zombies
30,Half-Life 2 Episode One
31,PlanetSide 2
32,Half-Life
33,Trove
34,The Elder Scrolls V Skyrim - Dawnguard
35,The Elder Scrolls V Skyrim - Hearthfire
36,Team Fortress Classic
37,Half-Life Opposing Force
38,The Elder Scrolls V Skyrim - Dragonborn
39,Half-Life 2 Episode Two
40,Half-Life Blue Shift
41,Loadout
42,Nosgoth
43,Dead Island Epidemic
44,Call of Duty Modern Warfare 2 - Multiplayer
45,Call of Duty Modern Warfare 2
46,Path of Exile
47,Fallout New Vegas
48,Warface
49,Dirty Bomb
50,Tom Clancy's Ghost Recon Phantoms - NA
51,Metro 2033
52,Marvel Heroes 2015
53,BioShock Infinite
54,Alien Swarm
55,Neverwinter
56,Grand Theft Auto IV
57,Left 4 Dead
58,PAYDAY The Heist
59,Grand Theft Auto V
60,Arma 2
61,Half-Life Deathmatch Source
62,Empire Total War
63,APB Reloaded
64,Saints Row The Third
65,The Witcher 2 Assassins of Kings Enhanced Edition
66,FreeStyle2 Street Basketball
67,Tomb Raider
68,Don't Starve Together Beta
69,Call of Duty Black Ops
70,Call of Duty Black Ops - Multiplayer
71,Arma 2 Operation Arrowhead
72,Arma 2 Operation Arrowhead Beta (Obsolete)
73,DayZ
74,theHunter
75,Clicker Heroes
76,Tom Clancy's Ghost Recon Phantoms - EU
77,Just Cause 2
78,Sniper Elite V2
79,Magicka
80,Sid Meier's Civilization V Brave New World
81,Call of Duty Modern Warfare 3
82,Call of Duty Modern Warfare 3 - Multiplayer
83,Age of Empires II HD Edition
84,Magicka Wizard Wars
85,Skyrim High Resolution Texture Pack
86,Dead Island
87,Amnesia The Dark Descent
88,HAWKEN
89,BioShock
90,Torchlight II
91,TERA
92,AdVenture Capitalist
93,Patch testing for Chivalry
94,Chivalry Medieval Warfare
95,GunZ 2 The Second Duel
96,Defiance
97,Killing Floor
98,Quake Live
99,Rust
100,Killing Floor Mod Defence Alliance 2
101,Batman Arkham City GOTY
102,BLOCKADE 3D
103,Far Cry 3
104,Fallout New Vegas Dead Money
105,Fallout New Vegas Honest Hearts
106,Rising Storm/Red Orchestra 2 Multiplayer
107,Don't Starve
108,Total War SHOGUN 2
109,Hitman Absolution
110,Firefall
111,XCOM Enemy Unknown
112,Company of Heroes (New Steam Version)
113,RaceRoom Racing Experience 
114,Half-Life Source
115,The Binding of Isaac
116,Insurgency
117,Mirror's Edge
118,Fallout New Vegas Courier's Stash
119,Euro Truck Simulator 2
120,Trine 2
121,BioShock 2
122,Borderlands
123,Batman Arkham Asylum GOTY Edition
124,Grand Theft Auto Episodes from Liberty City
125,Company of Heroes
126,Grand Theft Auto San Andreas
127,Castle Crashers
128,Blacklight Retribution
129,Dishonored
130,Survarium
131,Realm of the Mad God
132,Call of Duty Black Ops II - Multiplayer
133,Red Orchestra 2 Heroes of Stalingrad - Single Player
134,Call of Duty Black Ops II - Zombies
135,Call of Duty Black Ops II
136,Fallout 4
137,Napoleon Total War
138,The Witcher Enhanced Edition
139,Total War ROME II - Emperor Edition
140,Saints Row IV
141,Deus Ex Human Revolution
142,ARK Survival Evolved
143,Gotham City Impostors Free To Play
144,Cry of Fear
145,RIFT
146,"Warhammer 40,000 Dawn of War II"
147,Arma 3 Zeus
148,Arma 3
149,Dead Space
150,FTL Faster Than Light
151,Rocket League
152,Toribash
153,DC Universe Online
154,Fistful of Frags
155,Darksiders
156,Super Meat Boy
157,Saints Row 2
158,The Expendabros
159,Batman Arkham Origins
160,Crysis 2 Maximum Edition
161,Tactical Intervention
162,Mafia II
163,Goat Simulator
164,Rise of Incarnates
165,SMITE
166,Company of Heroes Opposing Fronts
167,The Mighty Quest For Epic Loot
168,Fallout 3 - Game of the Year Edition
169,Bastion
170,Star Wars - Battlefront II
171,Archeblade
172,Borderlands DLC The Zombie Island of Dr. Ned
173,Sid Meier's Civilization V Scrambled Continents Map Pack
174,Spiral Knights
175,Borderlands DLC The Secret Armory of General Knoxx
176,H1Z1 Test Server
177,H1Z1
178,Dungeon Defenders
179,Orcs Must Die! 2
180,Dark Souls Prepare to Die Edition
181,Borderlands DLC Mad Moxxi's Underdome Riot
182,Aura Kingdom
183,Starbound - Unstable
184,Starbound
185,LIMBO
186,The Forest
187,Free to Play
188,Mount & Blade Warband
189,Arma 2 DayZ Mod
190,Natural Selection 2
191,Alan Wake
192,Company of Heroes Tales of Valor
193,Burnout Paradise The Ultimate Box
194,Borderlands DLC Claptraps New Robot Revolution
195,Star Wars Knights of the Old Republic
196,BattleBlock Theater
197,ORION Prelude
198,The Walking Dead
199,Cities Skylines
200,Hitman Sniper Challenge
201,America's Army Proving Grounds
202,Fallen Earth
203,World of Guns Gun Disassembly
204,Battlefield Bad Company 2
205,Max Payne 3
206,Serious Sam 3 BFE
207,F.E.A.R. 3
208,Titan Quest
209,Gear Up
210,Prison Architect
211,Age of Empires II HD The Forgotten
212,Hotline Miami
213,F.E.A.R. 2 Project Origin
214,Happy Wars
215,The Lord of the Rings Online
216,Dungeon Defenders II
217,Serious Sam HD The Second Encounter
218,Medal of Honor Pre-Order
219,Medal of Honor(TM) Single Player
220,Red Faction Armageddon
221,Medal of Honor(TM) Multiplayer
222,Medieval II Total War
223,Star Conflict
224,Company of Heroes 2
225,Middle-earth Shadow of Mordor
226,Mass Effect 2
227,The Stanley Parable
228,Surgeon Simulator
229,Space Engineers
230,Magicka Vietnam
231,Dino D-Day
232,Enclave
233,South Park The Stick of Truth
234,Age of Empires III Complete Collection
235,Rome Total War
236,Stronghold Kingdoms
237,Awesomenauts
238,Football Manager 2013
239,Sleeping Dogs
240,Grand Theft Auto Vice City
241,Darksiders II
242,Tribes Ascend
243,Trine
244,7 Days to Die
245,sZone-Online
246,Metro Last Light
247,Crusader Kings II
248,The Elder Scrolls IV Oblivion 
249,"Warhammer 40,000 Dawn of War II  Retribution"
250,STAR WARS Knights of the Old Republic II The Sith Lords
251,Mark of the Ninja
252,Thief
253,Star Trek Online
254,Double Action Boogaloo
255,Scribblenauts Unlimited
256,Sid Meier's Civilization IV
257,Kerbal Space Program
258,Magic Duels
259,Tropico 3 - Steam Special Edition
260,The Lord of the Rings War in the North
261,Deus Ex Human Revolution - Director's Cut
262,War of the Roses
263,Strife
264,"Warhammer 40,000 Dawn of War II - Chaos Rising"
265,Monaco
266,Mass Effect
267,Outlast
268,Torchlight
269,Besiege
270,Dead Island Riptide
271,Far Cry 2 Fortunes Pack
272,Far Cry 2
273,Transformice
274,Banished
275,Sanctum 2
276,Brick-Force
277,L.A. Noire
278,"Papers, Please"
279,Tropico 4
280,RACE 07
281,Orcs Must Die!
282,Audiosurf
283,Brawlhalla
284,Dizzel
285,Call of Duty Ghosts
286,Grand Theft Auto III
287,Ragnarok Online 2
288,Call of Duty Ghosts - Multiplayer
